<?xml version="1.0" encoding="UTF-8"?>
<project-private xmlns="http://www.netbeans.org/ns/project-private/1">
    <editor-bookmarks xmlns="http://www.netbeans.org/ns/editor-bookmarks/1"/>
    <editor-bookmarks xmlns="http://www.netbeans.org/ns/editor-bookmarks/2" lastBookmarkId="0"/>
    <open-files xmlns="http://www.netbeans.org/ns/projectui-open-files/2">
        <group>
            <file>file:/D:/MaterialAlinda/Material%20Pandemia/2021/Eng%20Comp/ATIVIDADE%20CONTINUADA/Semana%2025%20a%2031.03/AppAutomovelVersaoAtividade/src/Automovel/Automovel.java</file>
            <file>file:/D:/MaterialAlinda/Material%20Pandemia/2021/Eng%20Comp/ATIVIDADE%20CONTINUADA/Semana%2025%20a%2031.03/AppAutomovelVersaoAtividade/src/Automovel/Principal.java</file>
        </group>
    </open-files>
</project-private>
