<?xml version="1.0" encoding="UTF-8"?>
<project-private xmlns="http://www.netbeans.org/ns/project-private/1">
    <editor-bookmarks xmlns="http://www.netbeans.org/ns/editor-bookmarks/2" lastBookmarkId="0"/>
    <open-files xmlns="http://www.netbeans.org/ns/projectui-open-files/2">
        <group>
            <file>file:/D:/MaterialAlinda/Material%20Pandemia/2021/Eng%20Comp/Exercicios%20resolvidos/FolhaPgtoHeranca/src/folhapgtoheranca/Funcionario.java</file>
            <file>file:/D:/MaterialAlinda/Material%20Pandemia/2021/Eng%20Comp/Exercicios%20resolvidos/FolhaPgtoHeranca/src/folhapgtoheranca/FuncionarioComissionado.java</file>
            <file>file:/D:/MaterialAlinda/Material%20Pandemia/2021/Eng%20Comp/Exercicios%20resolvidos/FolhaPgtoHeranca/src/folhapgtoheranca/Principal.java</file>
        </group>
    </open-files>
</project-private>
